{
	"info": {
		"_postman_id": "08a80f54-ae6b-48cd-98b9-d7add18b4b2f",
		"name": "MONUMENTOS",
		"schema": "https://schema.getpostman.com/json/collection/v2.1.0/collection.json",
		"_exporter_id": "38617651"
	},
	"item": [
		{
			"name": "Monumento",
			"request": {
				"method": "GET",
				"header": [],
				"url": {
					"raw": "http://localhost:8080/api/monumentos",
					"protocol": "http",
					"host": [
						"localhost"
					],
					"port": "8080",
					"path": [
						"api",
						"monumentos"
					]
				}
			},
			"response": []
		},
		{
			"name": "BuscarPorId",
			"request": {
				"method": "GET",
				"header": [],
				"url": {
					"raw": "http://localhost:8080/api/monumentos/1",
					"protocol": "http",
					"host": [
						"localhost"
					],
					"port": "8080",
					"path": [
						"api",
						"monumentos",
						"1"
					]
				}
			},
			"response": []
		},
		{
			"name": "EliminarPorId",
			"request": {
				"method": "DELETE",
				"header": [],
				"url": {
					"raw": "http://localhost:8080/api/monumentos/1",
					"protocol": "http",
					"host": [
						"localhost"
					],
					"port": "8080",
					"path": [
						"api",
						"monumentos",
						"1"
					]
				}
			},
			"response": []
		},
		{
			"name": "AñadirMonumento",
			"request": {
				"method": "POST",
				"header": [],
				"body": {
					"mode": "raw",
					"raw": "{\r\n    \r\n    \"codPais\": \"ES\",\r\n    \"nombrePais\": \"España\",\r\n    \"nombreCiudad\": \"marbella\",\r\n    \"latitud\": 10,\r\n    \"longitud\": 11,\r\n    \"nombreMonumento\": \"Giralda\",\r\n    \"descripcion\": \"Muy Bonita\",\r\n    \"urlFoto\": \"giralda.com\"\r\n\r\n}\r\n",
					"options": {
						"raw": {
							"language": "json"
						}
					}
				},
				"url": {
					"raw": "http://localhost:8080/api/monumentos/add",
					"protocol": "http",
					"host": [
						"localhost"
					],
					"port": "8080",
					"path": [
						"api",
						"monumentos",
						"add"
					]
				}
			},
			"response": []
		},
		{
			"name": "Modificar",
			"request": {
				"method": "PUT",
				"header": [],
				"body": {
					"mode": "raw",
					"raw": "{\r\n    \"monumentoId\" : \"1\",\r\n    \"codPais\": \"ES\",\r\n    \"nombrePais\": \"Cancun\",\r\n    \"nombreCiudad\": \"Sevilla\",\r\n    \"latitud\": 10,\r\n    \"longitud\": 11,\r\n    \"nombreMonumento\": \"Giralda\",\r\n    \"descripcion\": \"Muy Bonita\",\r\n    \"urlFoto\": \"giralda.com\"\r\n\r\n}",
					"options": {
						"raw": {
							"language": "json"
						}
					}
				},
				"url": {
					"raw": "http://localhost:8080/api/monumentos/edit/1",
					"protocol": "http",
					"host": [
						"localhost"
					],
					"port": "8080",
					"path": [
						"api",
						"monumentos",
						"edit",
						"1"
					]
				}
			},
			"response": []
		}
	]
}